model_id,yaml_path,model_mode,target_variant,base_species,thermo_variant_id,species_set_hash,thermo_hash
M_2f9766376563,models/M_2f9766376563.yaml,single_product_sensitivity,Threonine(aq),H2O(l);HCN(aq);C2H2(aq),base,ffcc0ebb08c0,93009950b76a
M_94aecd2438b9,models/M_94aecd2438b9.yaml,single_product_sensitivity,Threonine__dG_m200(aq),H2O(l);HCN(aq);C2H2(aq),dG_m200,b0e030061070,607c94f7d1fa
M_8fb51f4c70bb,models/M_8fb51f4c70bb.yaml,single_product_sensitivity,Threonine__dG_m160(aq),H2O(l);HCN(aq);C2H2(aq),dG_m160,edef891dceaf,9136a52a0803
M_25af2a4f8037,models/M_25af2a4f8037.yaml,single_product_sensitivity,Threonine__dG_m120(aq),H2O(l);HCN(aq);C2H2(aq),dG_m120,b07c6c68032a,3264e49f4b16
M_9c0882dbf10d,models/M_9c0882dbf10d.yaml,single_product_sensitivity,Threonine__dG_m080(aq),H2O(l);HCN(aq);C2H2(aq),dG_m080,5d7c79bf108c,5c4fdb270757
M_3e1eef217b08,models/M_3e1eef217b08.yaml,single_product_sensitivity,Threonine__dG_m040(aq),H2O(l);HCN(aq);C2H2(aq),dG_m040,f85343e75562,8696463d2929
M_2b9981fcb4d2,models/M_2b9981fcb4d2.yaml,single_product_sensitivity,Threonine__dG_000(aq),H2O(l);HCN(aq);C2H2(aq),dG_000,f1d0b7b257ca,c1684acb6177
M_0e7d4508245f,models/M_0e7d4508245f.yaml,single_product_sensitivity,Threonine__dG_p040(aq),H2O(l);HCN(aq);C2H2(aq),dG_p040,2f5888aea3a0,29fc76b852a0
M_e0ccaf07d54d,models/M_e0ccaf07d54d.yaml,single_product_sensitivity,Threonine__dG_p080(aq),H2O(l);HCN(aq);C2H2(aq),dG_p080,921658d7dab7,601fde60016a
M_9dd79293b418,models/M_9dd79293b418.yaml,single_product_sensitivity,Threonine__dG_p120(aq),H2O(l);HCN(aq);C2H2(aq),dG_p120,a33ce68ab776,0796480537c4
M_bb3bfc4e9f01,models/M_bb3bfc4e9f01.yaml,single_product_sensitivity,Threonine__dG_p160(aq),H2O(l);HCN(aq);C2H2(aq),dG_p160,580c0b57c7b2,7b76dce000df
M_2923a1d93922,models/M_2923a1d93922.yaml,single_product_sensitivity,Threonine__dG_p200(aq),H2O(l);HCN(aq);C2H2(aq),dG_p200,22ad6625ce30,9251b2b1977b
